{"cameraMode":{"drawMode":0,"name":"Shaded","section":"Shading Mode"},"sceneLighting":true,"audioPlay":false,"sceneViewState":{"m_AlwaysRefresh":false,"showFog":true,"showSkybox":true,"showFlares":true,"showImageEffects":true,"showParticleSystems":true,"showVisualEffectGraphs":true,"m_FxEnabled":true},"in2DMode":false,"pivot":{"x":64.29179382324219,"y":13.28626537322998,"z":46.66300582885742},"rotation":{"x":0.07611341774463654,"y":-0.005387708079069853,"z":-0.00041283731115981936,"w":-0.997058629989624},"size":52.69459533691406,"orthographic":false}